学号,姓名,性别,年龄,班级,联系电话
2026001,张若曦,女,19,计算机科学与技术2301班,138-1000-2001
2026002,李昊然,男,20,计算机科学与技术2301班,139-1000-2002
2026003,王子谦,男,19,软件工程2302班,186-1000-2003
2026004,陈思远,女,18,软件工程2302班,137-1000-2004
2026005,赵嘉怡,女,20,数据科学2301班,158-1000-2005
2026006,刘宇航,男,19,数据科学2301班,150-1000-2006
2026007,黄诗涵,女,18,人工智能2301班,151-1000-2007
2026008,周铭轩,男,20,人工智能2301班,188-1000-2008
2026009,徐安琪,女,19,计算机科学与技术2301班,181-1000-2009
2026010,杨博文,男,18,软件工程2302班,136-1000-2010
2026011,何沐阳,其他,20,数据科学2301班,159-1000-2011
2026012,林欣怡,女,19,人工智能2301班,185-1000-2012
2026013,王子涵,男,20,计算机科学与技术2301班,138-1000-2013
2026014,王浩宇,女,18,软件工程2302班,139-1000-2014
2026015,王梓妍,其他,19,数据科学2301班,186-1000-2015
2026016,王俊杰,男,20,人工智能2301班,137-1000-2016
2026017,王欣怡,女,18,计算机科学与技术2301班,158-1000-2017
2026018,王明轩,男,19,软件工程2302班,150-1000-2018
2026019,李子涵,女,20,数据科学2301班,151-1000-2019
2026020,李浩宇,其他,18,人工智能2301班,188-1000-2020
2026021,李梓妍,男,19,计算机科学与技术2301班,181-1000-2021
2026022,李俊杰,女,20,软件工程2302班,136-1000-2022
2026023,李欣怡,男,18,数据科学2301班,159-1000-2023
2026024,李明轩,女,19,人工智能2301班,185-1000-2024
2026025,赵子涵,其他,20,计算机科学与技术2301班,138-1000-2025
2026026,赵浩宇,男,18,软件工程2302班,139-1000-2026
2026027,赵梓妍,女,19,数据科学2301班,186-1000-2027
2026028,赵俊杰,男,20,人工智能2301班,137-1000-2028
2026029,赵欣怡,女,18,计算机科学与技术2301班,158-1000-2029
2026030,赵明轩,其他,19,软件工程2302班,150-1000-2030
2026031,刘子涵,男,20,数据科学2301班,151-1000-2031
2026032,刘浩宇,女,18,人工智能2301班,188-1000-2032
2026033,刘梓妍,男,19,计算机科学与技术2301班,181-1000-2033
2026034,刘俊杰,女,20,软件工程2302班,136-1000-2034
2026035,刘欣怡,其他,18,数据科学2301班,159-1000-2035
2026036,刘明轩,男,19,人工智能2301班,185-1000-2036
2026037,陈子涵,女,20,计算机科学与技术2301班,138-1000-2037
2026038,陈浩宇,男,18,软件工程2302班,139-1000-2038
2026039,陈梓妍,女,19,数据科学2301班,186-1000-2039
2026040,陈俊杰,其他,20,人工智能2301班,137-1000-2040
2026041,陈欣怡,男,18,计算机科学与技术2301班,158-1000-2041
2026042,陈明轩,女,19,软件工程2302班,150-1000-2042
2026043,杨子涵,男,20,数据科学2301班,151-1000-2043
2026044,杨浩宇,女,18,人工智能2301班,188-1000-2044
2026045,杨梓妍,其他,19,计算机科学与技术2301班,181-1000-2045
2026046,杨俊杰,男,20,软件工程2302班,136-1000-2046
2026047,杨欣怡,女,18,数据科学2301班,159-1000-2047
2026048,杨明轩,男,19,人工智能2301班,185-1000-2048
2026049,黄子涵,女,20,计算机科学与技术2301班,138-1000-2049
2026050,黄浩宇,其他,18,软件工程2302班,139-1000-2050
2026051,黄梓妍,男,19,数据科学2301班,186-1000-2051
2026052,黄俊杰,女,20,人工智能2301班,137-1000-2052
2026053,黄欣怡,男,18,计算机科学与技术2301班,158-1000-2053
2026054,黄明轩,女,19,软件工程2302班,150-1000-2054
2026055,周子涵,其他,20,数据科学2301班,151-1000-2055
2026056,周浩宇,男,18,人工智能2301班,188-1000-2056
2026057,周梓妍,女,19,计算机科学与技术2301班,181-1000-2057
2026058,周俊杰,男,20,软件工程2302班,136-1000-2058
2026059,周欣怡,女,18,数据科学2301班,159-1000-2059
2026060,周明轩,其他,19,人工智能2301班,185-1000-2060
2026061,吴子涵,男,20,计算机科学与技术2301班,138-1000-2061
2026062,吴浩宇,女,18,软件工程2302班,139-1000-2062
2026063,吴梓妍,男,19,数据科学2301班,186-1000-2063
2026064,吴俊杰,女,20,人工智能2301班,137-1000-2064
2026065,吴欣怡,其他,18,计算机科学与技术2301班,158-1000-2065
2026066,吴明轩,男,19,软件工程2302班,150-1000-2066
2026067,徐子涵,女,20,数据科学2301班,151-1000-2067
2026068,徐浩宇,男,18,人工智能2301班,188-1000-2068
2026069,徐梓妍,女,19,计算机科学与技术2301班,181-1000-2069
2026070,徐俊杰,其他,20,软件工程2302班,136-1000-2070
2026071,徐欣怡,男,18,数据科学2301班,159-1000-2071
2026072,徐明轩,女,19,人工智能2301班,185-1000-2072
2026073,孙子涵,男,20,计算机科学与技术2301班,138-1000-2073
2026074,孙浩宇,女,18,软件工程2302班,139-1000-2074
2026075,孙梓妍,其他,19,数据科学2301班,186-1000-2075
2026076,孙俊杰,男,20,人工智能2301班,137-1000-2076
2026077,孙欣怡,女,18,计算机科学与技术2301班,158-1000-2077
2026078,孙明轩,男,19,软件工程2302班,150-1000-2078
2026079,胡子涵,女,20,数据科学2301班,151-1000-2079
2026080,胡浩宇,其他,18,人工智能2301班,188-1000-2080
2026081,胡梓妍,男,19,计算机科学与技术2301班,181-1000-2081
2026082,胡俊杰,女,20,软件工程2302班,136-1000-2082
2026083,胡欣怡,男,18,数据科学2301班,159-1000-2083
2026084,胡明轩,女,19,人工智能2301班,185-1000-2084
2026085,朱子涵,其他,20,计算机科学与技术2301班,138-1000-2085
2026086,朱浩宇,男,18,软件工程2302班,139-1000-2086
2026087,朱梓妍,女,19,数据科学2301班,186-1000-2087
2026088,朱俊杰,男,20,人工智能2301班,137-1000-2088
2026089,朱欣怡,女,18,计算机科学与技术2301班,158-1000-2089
2026090,朱明轩,其他,19,软件工程2302班,150-1000-2090
2026091,高子涵,男,20,数据科学2301班,151-1000-2091
2026092,高浩宇,女,18,人工智能2301班,188-1000-2092
2026093,高梓妍,男,19,计算机科学与技术2301班,181-1000-2093
2026094,高俊杰,女,20,软件工程2302班,136-1000-2094
2026095,高欣怡,其他,18,数据科学2301班,159-1000-2095
2026096,高明轩,男,19,人工智能2301班,185-1000-2096
